mode,complexity,mean,std,se,n,t_stat,p_value,cohens_d,significant
fairness_aware,simple,0.8181818181818182,0.40451991747794525,0.12196734422726126,11,2.608745973749755,0.026096891052703127,0.7865665062071159,True
fairness_aware,complex,0.25,0.5,0.25,4,-1.0,0.39100221895577053,-0.5,False
language_aware,simple,0.8181818181818182,0.40451991747794525,0.12196734422726126,11,2.608745973749755,0.026096891052703127,0.7865665062071159,True
language_aware,complex,0.25,0.5,0.25,4,-1.0,0.39100221895577053,-0.5,False
uniform,simple,0.8181818181818182,0.40451991747794525,0.12196734422726126,11,2.608745973749755,0.026096891052703127,0.7865665062071159,True
uniform,complex,0.25,0.5,0.25,4,-1.0,0.39100221895577053,-0.5,False
