mode,lang,mean,ci_lower,ci_upper,se,n
uniform,en,1.0,,,0.0,15
uniform,mi,0.6666666666666666,0.39644894326142416,0.936884390071909,0.12598815766974242,15
language_aware,en,1.0,,,0.0,15
language_aware,mi,0.6666666666666666,0.39644894326142416,0.936884390071909,0.12598815766974242,15
fairness_aware,en,1.0,,,0.0,15
fairness_aware,mi,0.6666666666666666,0.39644894326142416,0.936884390071909,0.12598815766974242,15
