mode,lang,mean,ci_lower,ci_upper,se,n
uniform,en,1.0,,,0.0,15
uniform,mi,0.8,0.5707126584600347,1.0292873415399655,0.10690449676496976,15
language_aware,en,1.0,,,0.0,15
language_aware,mi,0.8,0.5707126584600347,1.0292873415399655,0.10690449676496976,15
fairness_aware,en,1.0,,,0.0,15
fairness_aware,mi,0.8,0.5707126584600347,1.0292873415399655,0.10690449676496976,15
