mode,slice,total_cost,correct_answers,cost_per_correct
uniform,overall,0.1464779999999995,25,0.00585911999999998
uniform,EN,0.06107399999999969,15,0.004071599999999979
uniform,MI,0.08540399999999981,10,0.008540399999999981
language_aware,overall,0.1464779999999995,25,0.00585911999999998
language_aware,EN,0.06107399999999969,15,0.004071599999999979
language_aware,MI,0.08540399999999981,10,0.008540399999999981
fairness_aware,overall,0.1464779999999995,25,0.00585911999999998
fairness_aware,EN,0.06107399999999969,15,0.004071599999999979
fairness_aware,MI,0.08540399999999981,10,0.008540399999999981
