mode,slice,en_perf,mi_perf,gap,gap_pct
uniform,overall,1.0,0.6666666666666666,0.33333333333333337,33.333333333333336
uniform,simple,1.0,0.8181818181818182,0.18181818181818177,18.181818181818176
uniform,complex,1.0,0.25,0.75,75.0
language_aware,overall,1.0,0.6666666666666666,0.33333333333333337,33.333333333333336
language_aware,simple,1.0,0.8181818181818182,0.18181818181818177,18.181818181818176
language_aware,complex,1.0,0.25,0.75,75.0
fairness_aware,overall,1.0,0.6666666666666666,0.33333333333333337,33.333333333333336
fairness_aware,simple,1.0,0.8181818181818182,0.18181818181818177,18.181818181818176
fairness_aware,complex,1.0,0.25,0.75,75.0
