baseline_mi_perf,current_mi_perf,improvement,improvement_pct,uniform_gap,language_aware_gap,fairness_aware_gap,conditions_identical,cost_per_condition,total_cost,failed_queries_count,remaining_gap
0.6,0.6666666666666666,0.06666666666666665,11.111111111111109,0.33333333333333337,0.33333333333333337,0.33333333333333337,True,0.1464779999999995,0.4394339999999985,5,0.33333333333333337
