mode,t_statistic,p_value,cohens_d,significant,en_mean,en_std,mi_mean,mi_std
uniform,1.8708286933869702,0.07185423689051876,0.6831300510639731,False,1.0,0.0,0.8,0.41403933560541256
language_aware,1.8708286933869702,0.07185423689051876,0.6831300510639731,False,1.0,0.0,0.8,0.41403933560541256
fairness_aware,1.8708286933869702,0.07185423689051876,0.6831300510639731,False,1.0,0.0,0.8,0.41403933560541256
