mode,t_statistic,p_value,cohens_d,significant,en_mean,en_std,mi_mean,mi_std
uniform,2.6457513110645907,0.013219223002710553,0.9660917830792958,True,1.0,0.0,0.6666666666666666,0.48795003647426666
language_aware,2.6457513110645907,0.013219223002710553,0.9660917830792958,True,1.0,0.0,0.6666666666666666,0.48795003647426666
fairness_aware,2.6457513110645907,0.013219223002710553,0.9660917830792958,True,1.0,0.0,0.6666666666666666,0.48795003647426666
